,0
0,'국사'만으로는 부족하다. '동북아사'여야 한다
1,젊어서 위태로운 예술가를 향한 등대
2,그래서 내가 불안했던 거야
3,완벽한 아이 팔아요
4,일상의 모험 - 서동욱
5,Egon Schiele : the complete wo
6,노동자의 시간은 저절로 흐르지 않는다
7,방랑기 / 하야시 후미코 / 1930
8,나카오카 겐메이에게 배우는 일
9,퇴사하고 잘 놀고 잘 살고 싶다
10,쾌락 과잉 시대에서 균형 찾기
11,평온할 줄만 알았던 그녀의 모험
12,그래도 사랑했고 그래서 버텼던 시절
13,물건을 버리며 얻은 변화와 행복
14,당신을 위해서라면 죽어도 좋아요
15,선량하지 않은 '선량한 사람'
16,포장도 변명도 과장도 없는 일상의 장면들
17,<사라진 개발자들>을 읽고
18,당장 오늘 하루를 잘 보내는 방법
19,가시가 허용되지 않는 고슴도치 이야기
20,'국사'만으로는 부족하다. '동북아사'여야 한다
21,젊어서 위태로운 예술가를 향한 등대
22,그래서 내가 불안했던 거야
23,완벽한 아이 팔아요
24,일상의 모험 - 서동욱
25,Egon Schiele : the complete wo
26,노동자의 시간은 저절로 흐르지 않는다
27,방랑기 / 하야시 후미코 / 1930
28,나카오카 겐메이에게 배우는 일
29,퇴사하고 잘 놀고 잘 살고 싶다
30,쾌락 과잉 시대에서 균형 찾기
31,평온할 줄만 알았던 그녀의 모험
32,그래도 사랑했고 그래서 버텼던 시절
33,물건을 버리며 얻은 변화와 행복
34,당신을 위해서라면 죽어도 좋아요
35,선량하지 않은 '선량한 사람'
36,포장도 변명도 과장도 없는 일상의 장면들
37,<사라진 개발자들>을 읽고
38,당장 오늘 하루를 잘 보내는 방법
39,가시가 허용되지 않는 고슴도치 이야기
